id,title,content,level,datetime,created_at,updated_at
1,test,content,1,2024-02-28 22:27:00.000000,2024-02-28 20:27:51.067050,2024-02-28 20:27:51.067050
2,title,content,42,,2024-02-29 20:52:22.535978,2024-02-29 20:52:22.535982
3,title,content,43,2024-02-29 20:56:47.017007,2024-02-29 20:56:47.017011,2024-02-29 20:56:47.017012
4,title,content,53,2024-02-29 21:04:46.824761,2024-02-29 21:04:46.824765,2024-02-29 21:04:46.824766
5,title,content,173,2024-02-29 21:12:41.530647,2024-02-29 21:12:41.530652,2024-02-29 21:12:41.530652
6,title.1,CONTENT: 1000,1,2024-03-01 20:01:46.420969,2024-03-01 20:01:46.420969,2024-03-01 20:01:46.420969
7,title.2,CONTENT: 2000,2,2024-03-01 20:01:46.421498,2024-03-01 20:01:46.421498,2024-03-01 20:01:46.421498
8,title.1,CONTENT: 1000,1,2024-03-01 20:02:15.284623,2024-03-01 20:02:15.284623,2024-03-01 20:02:15.284623
9,title.2,CONTENT: 2000,2,2024-03-01 20:02:15.285008,2024-03-01 20:02:15.285008,2024-03-01 20:02:15.285008
10,title.3,CONTENT: 3000,3,2024-03-01 20:02:15.285411,2024-03-01 20:02:15.285411,2024-03-01 20:02:15.285411
11,title.4,CONTENT: 4000,4,2024-03-01 20:02:15.285757,2024-03-01 20:02:15.285757,2024-03-01 20:02:15.285757
12,title.5,CONTENT: 5000,5,2024-03-01 20:02:15.285976,2024-03-01 20:02:15.285976,2024-03-01 20:02:15.285976
13,title.6,CONTENT: 6000,6,2024-03-01 20:02:15.286185,2024-03-01 20:02:15.286185,2024-03-01 20:02:15.286185
14,title.7,CONTENT: 7000,7,2024-03-01 20:02:15.286401,2024-03-01 20:02:15.286401,2024-03-01 20:02:15.286401
